entity_uid,entity_label,entity_text,attribute_name,attribute_value,evidence,source,confidence,extract_method
Person:alan_turing,Person,Alan Turing,occupation,mathematician,"Alan Mathison Turing (; 23 June 1912 – 7 June 1954) was an English mathematician, computer scientist, logician, cryptanalyst, philosopher and theoretical biologist.",https://en.wikipedia.org/wiki/Alan_Turing,high,regex_rule
Person:alan_turing,Person,Alan Turing,occupation,computer scientist,"Alan Mathison Turing (; 23 June 1912 – 7 June 1954) was an English mathematician, computer scientist, logician, cryptanalyst, philosopher and theoretical biologist.",https://en.wikipedia.org/wiki/Alan_Turing,high,regex_rule
Person:alan_turing,Person,Alan Turing,occupation,logician,"Alan Mathison Turing (; 23 June 1912 – 7 June 1954) was an English mathematician, computer scientist, logician, cryptanalyst, philosopher and theoretical biologist.",https://en.wikipedia.org/wiki/Alan_Turing,high,regex_rule
Person:alan_turing,Person,Alan Turing,occupation,cryptanalyst,"Alan Mathison Turing (; 23 June 1912 – 7 June 1954) was an English mathematician, computer scientist, logician, cryptanalyst, philosopher and theoretical biologist.",https://en.wikipedia.org/wiki/Alan_Turing,high,regex_rule
Person:alan_turing,Person,Alan Turing,occupation,philosopher,"Alan Mathison Turing (; 23 June 1912 – 7 June 1954) was an English mathematician, computer scientist, logician, cryptanalyst, philosopher and theoretical biologist.",https://en.wikipedia.org/wiki/Alan_Turing,high,regex_rule
Person:alan_turing,Person,Alan Turing,occupation,theoretical biologist,"Alan Mathison Turing (; 23 June 1912 – 7 June 1954) was an English mathematician, computer scientist, logician, cryptanalyst, philosopher and theoretical biologist.",https://en.wikipedia.org/wiki/Alan_Turing,high,regex_rule
Person:alan_turing,Person,Alan Turing,nationality,English,"Alan Mathison Turing (; 23 June 1912 – 7 June 1954) was an English mathematician, computer scientist, logician, cryptanalyst, philosopher and theoretical biologist.",https://en.wikipedia.org/wiki/Alan_Turing,high,regex_rule
Organization:government_code_and_cypher_school_at,Organization,Government Code and Cypher School at,org_type,school,"During World War II, Turing worked for the Government Code and Cypher School at Bletchley Park, Britain's codebreaking centre that produced Ultra intelligence.",https://en.wikipedia.org/wiki/Alan_Turing,high,regex_rule
Organization:bletchley_park_park,Organization,Bletchley Park,org_type,park,"During World War II, Turing worked for the Government Code and Cypher School at Bletchley Park, Britain's codebreaking centre that produced Ultra intelligence.",https://en.wikipedia.org/wiki/Alan_Turing,high,regex_rule
Organization:manchester_university,Organization,University of Manchester,org_type,university,"In 1948, Turing joined Max Newman's Computing Machine Laboratory at the University of Manchester, where he contributed to the development of early Manchester computers and became interested in mathematical biology.",https://en.wikipedia.org/wiki/Alan_Turing,high,regex_rule
Person:alan_turing,Person,Alan Turing,occupation,engineer,"Turing's mother, Julius's wife, was Ethel Sara Turing (née Stoney), daughter of Edward Waller Stoney, chief engineer of the Madras Railways.",https://en.wikipedia.org/wiki/Alan_Turing,high,regex_rule
Person:alan_turing,Person,Alan Turing,nationality,German,The Entscheidungsproblem (decision problem) was originally posed by German mathematician David Hilbert in 1928.,https://en.wikipedia.org/wiki/Alan_Turing,high,regex_rule
Organization:princeton_university_orchestr,Organization,Princeton University,org_type,university,"From September 1936 to July 1938, Turing spent most of his time studying under Church at Princeton University, in the second year as a Jane Eliza Procter Visiting Fellow.",https://en.wikipedia.org/wiki/Alan_Turing,high,regex_rule
Person:alan_turing,Person,Alan Turing,occupation,codebreaker,"The historian and wartime codebreaker Asa Briggs has said, ""You needed exceptional talent, you needed genius at Bletchley and Turing's was that genius.""",https://en.wikipedia.org/wiki/Alan_Turing,high,regex_rule
Organization:bell_labs_comp,Organization,Bell Labs,org_type,laboratory,"During this trip, he also assisted at Bell Labs with the development of secure speech devices.",https://en.wikipedia.org/wiki/Alan_Turing,high,regex_rule
Organization:mancheste_university,Organization,University of Mancheste,org_type,university,"In 1948, Turing was appointed reader in the Mathematics Department at the University of Manchester.",https://en.wikipedia.org/wiki/Alan_Turing,high,regex_rule
Person:alan_turing,Person,Alan Turing,occupation,programmer,"Turing wrote the first version of the Programmer's Manual for this machine, was elected to membership of the Manchester Literary and Philosophical Society, and was recruited by Ferranti as a consultant in the development of their commercialised machine, the Ferranti Mark 1.",https://en.wikipedia.org/wiki/Alan_Turing,high,regex_rule
Organization:foreign_office_be,Organization,Foreign Office,org_type,office,"His trial took place only months after the defection to the Soviet Union of Guy Burgess and Donald Maclean, in summer 1951, after which the Foreign Office started to consider anyone known to be homosexual as a potential security risk.",https://en.wikipedia.org/wiki/Alan_Turing,high,regex_rule
Person:alan_turing,Person,Alan Turing,nationality,British,"In August 2009, British programmer John Graham-Cumming started a petition urging the British government to apologise for Turing's prosecution as a homosexual.",https://en.wikipedia.org/wiki/Alan_Turing,high,regex_rule
Person:alan_turing,Person,Alan Turing,occupation,physicist,"Leech continued to take the bill through Parliament and campaigned for several years, gaining the public support of numerous leading scientists, including the physicist Stephen Hawking.",https://en.wikipedia.org/wiki/Alan_Turing,high,regex_rule
Person:joan_clarke,Person,Joan Clarke,occupation,cryptanalyst,"Joan Elisabeth Lowther Murray, MBE (née Clarke; 24 June 1917 – 4 September 1996) was an English cryptanalyst and numismatist who worked as a code-breaker at Bletchley Park during the Second World War.",https://en.wikipedia.org/wiki/Joan_Clarke,high,regex_rule
Person:joan_clarke,Person,Joan Clarke,nationality,English,"Joan Elisabeth Lowther Murray, MBE (née Clarke; 24 June 1917 – 4 September 1996) was an English cryptanalyst and numismatist who worked as a code-breaker at Bletchley Park during the Second World War.",https://en.wikipedia.org/wiki/Joan_Clarke,high,regex_rule
Person:joan_clarke,Person,Joan Clarke,occupation,codebreaker,"""From the Archives: A Lady Codebreaker Speaks: Joan Murray, the Bombes and the Perils of Writing Crypto-History From Participants' Accounts"".",https://en.wikipedia.org/wiki/Joan_Clarke,high,regex_rule
Person:alonzo_church_croom,Person,Alonzo Church,birth_date,1903,"Alonzo Church (June 14, 1903 – August 11, 1995) was an American computer scientist, mathematician, logician, and philosopher who made major contributions to mathematical logic and the foundations of theoretical computer science.",https://en.wikipedia.org/wiki/Alonzo_Church,high,regex_rule
Person:alonzo_church_croom,Person,Alonzo Church,death_date,"August 11, 1995","Alonzo Church (June 14, 1903 – August 11, 1995) was an American computer scientist, mathematician, logician, and philosopher who made major contributions to mathematical logic and the foundations of theoretical computer science.",https://en.wikipedia.org/wiki/Alonzo_Church,high,regex_rule
Person:alonzo_church_croom,Person,Alonzo Church,occupation,computer scientist,"Alonzo Church (June 14, 1903 – August 11, 1995) was an American computer scientist, mathematician, logician, and philosopher who made major contributions to mathematical logic and the foundations of theoretical computer science.",https://en.wikipedia.org/wiki/Alonzo_Church,high,regex_rule
Person:alonzo_church_croom,Person,Alonzo Church,occupation,mathematician,"Alonzo Church (June 14, 1903 – August 11, 1995) was an American computer scientist, mathematician, logician, and philosopher who made major contributions to mathematical logic and the foundations of theoretical computer science.",https://en.wikipedia.org/wiki/Alonzo_Church,high,regex_rule
Person:alonzo_church_croom,Person,Alonzo Church,occupation,logician,"Alonzo Church (June 14, 1903 – August 11, 1995) was an American computer scientist, mathematician, logician, and philosopher who made major contributions to mathematical logic and the foundations of theoretical computer science.",https://en.wikipedia.org/wiki/Alonzo_Church,high,regex_rule
Person:alonzo_church_croom,Person,Alonzo Church,occupation,philosopher,"Alonzo Church (June 14, 1903 – August 11, 1995) was an American computer scientist, mathematician, logician, and philosopher who made major contributions to mathematical logic and the foundations of theoretical computer science.",https://en.wikipedia.org/wiki/Alonzo_Church,high,regex_rule
Person:alonzo_church_croom,Person,Alonzo Church,nationality,American,"Alonzo Church (June 14, 1903 – August 11, 1995) was an American computer scientist, mathematician, logician, and philosopher who made major contributions to mathematical logic and the foundations of theoretical computer science.",https://en.wikipedia.org/wiki/Alonzo_Church,high,regex_rule
Person:alonzo_church_croom,Person,Alonzo Church,birth_date,"June 14, 1903","Alonzo Church was born on June 14, 1903, in Washington, D.C., where his father, Samuel Robbins Church, was a justice of the peace and the judge of the Municipal Court for the District of Columbia.",https://en.wikipedia.org/wiki/Alonzo_Church,high,regex_rule
Person:alonzo_church_croom,Person,Alonzo,birth_date,1829,"He was the grandson of Alonzo Webster Church (1829-1909), United States Senate Librarian from 1881 to 1901, and great-grandson of Alonzo Church, a professor of Mathematics and Astronomy and 6th President of the University of Georgia.",https://en.wikipedia.org/wiki/Alonzo_Church,high,regex_rule
Person:alonzo_church_croom,Person,Alonzo,death_date,1909,"He was the grandson of Alonzo Webster Church (1829-1909), United States Senate Librarian from 1881 to 1901, and great-grandson of Alonzo Church, a professor of Mathematics and Astronomy and 6th President of the University of Georgia.",https://en.wikipedia.org/wiki/Alonzo_Church,high,regex_rule
Person:alonzo_church_croom,Person,Alonzo Church,occupation,professor,"He was the grandson of Alonzo Webster Church (1829-1909), United States Senate Librarian from 1881 to 1901, and great-grandson of Alonzo Church, a professor of Mathematics and Astronomy and 6th President of the University of Georgia.",https://en.wikipedia.org/wiki/Alonzo_Church,high,regex_rule
Person:alonzo_church_croom,Person,Alonzo Church,occupation,author,"Haskell Curry, who expanded on Church's ideas with the concept of currying, stated that one of his textbooks, Introduction to Mathematical Logic (first published in 1944), was ""written with the meticulous precision which characterizes the author's work generally.""",https://en.wikipedia.org/wiki/Alonzo_Church,high,regex_rule
Person:alonzo_church_croom,Person,Alonzo Church,death_date,1995,In memoriam: Alonzo Church (1903–1995) by Irving H.,https://en.wikipedia.org/wiki/Alonzo_Church,high,regex_rule
Person:john_von_neumann,Person,John von Neumann,occupation,mathematician,"John von Neumann ( von NOY-mən; Hungarian: Neumann János Lajos [ˈnɒjmɒn ˈjaːnoʃ ˈlɒjoʃ]; December 28, 1903 – February 8, 1957) was a Hungarian and American mathematician, physicist, computer scientist and engineer.",https://en.wikipedia.org/wiki/John_von_Neumann,high,regex_rule
Person:john_von_neumann,Person,John von Neumann,occupation,physicist,"John von Neumann ( von NOY-mən; Hungarian: Neumann János Lajos [ˈnɒjmɒn ˈjaːnoʃ ˈlɒjoʃ]; December 28, 1903 – February 8, 1957) was a Hungarian and American mathematician, physicist, computer scientist and engineer.",https://en.wikipedia.org/wiki/John_von_Neumann,high,regex_rule
Person:john_von_neumann,Person,John von Neumann,occupation,computer scientist,"John von Neumann ( von NOY-mən; Hungarian: Neumann János Lajos [ˈnɒjmɒn ˈjaːnoʃ ˈlɒjoʃ]; December 28, 1903 – February 8, 1957) was a Hungarian and American mathematician, physicist, computer scientist and engineer.",https://en.wikipedia.org/wiki/John_von_Neumann,high,regex_rule
Person:john_von_neumann,Person,John von Neumann,occupation,engineer,"John von Neumann ( von NOY-mən; Hungarian: Neumann János Lajos [ˈnɒjmɒn ˈjaːnoʃ ˈlɒjoʃ]; December 28, 1903 – February 8, 1957) was a Hungarian and American mathematician, physicist, computer scientist and engineer.",https://en.wikipedia.org/wiki/John_von_Neumann,high,regex_rule
Person:john_von_neumann,Person,John von Neumann,nationality,Hungarian,"John von Neumann ( von NOY-mən; Hungarian: Neumann János Lajos [ˈnɒjmɒn ˈjaːnoʃ ˈlɒjoʃ]; December 28, 1903 – February 8, 1957) was a Hungarian and American mathematician, physicist, computer scientist and engineer.",https://en.wikipedia.org/wiki/John_von_Neumann,high,regex_rule
Person:john_von_neumann,Person,John von Neumann,nationality,American,"John von Neumann ( von NOY-mən; Hungarian: Neumann János Lajos [ˈnɒjmɒn ˈjaːnoʃ ˈlɒjoʃ]; December 28, 1903 – February 8, 1957) was a Hungarian and American mathematician, physicist, computer scientist and engineer.",https://en.wikipedia.org/wiki/John_von_Neumann,high,regex_rule
Person:john_von_neumann,Person,John von Neumann,occupation,professor,"In 1929, he briefly became a Privatdozent at the University of Hamburg, where the prospects of becoming a tenured professor were better, then in October of that year moved to Princeton University as a visiting lecturer in mathematical physics.",https://en.wikipedia.org/wiki/John_von_Neumann,high,regex_rule
Person:john_von_neumann,Person,John von Neumann,birth_date,1935,"Von Neumann and Marietta had a daughter, Marina, born in 1935; she would become a professor.",https://en.wikipedia.org/wiki/John_von_Neumann,high,regex_rule
Person:john_von_neumann,Person,John von Neumann,occupation,researcher,"Considered to be possibly ""the most influential researcher in scientific computing of all time"", von Neumann made several contributions to the field, both technically and administratively.",https://en.wikipedia.org/wiki/John_von_Neumann,high,regex_rule
Person:john_von_neumann,Person,John von Neumann,birth_date,1972,"She was an academic economist, the first woman to serve on the President's Council of Economic Advisers (1972–1973), and served as Vice President of Public Affairs at General Motors (1979–1992)—making her the highest-ranking woman in the U.S.",https://en.wikipedia.org/wiki/John_von_Neumann,high,regex_rule
Person:john_von_neumann,Person,John von Neumann,death_date,1973,"She was an academic economist, the first woman to serve on the President's Council of Economic Advisers (1972–1973), and served as Vice President of Public Affairs at General Motors (1979–1992)—making her the highest-ranking woman in the U.S.",https://en.wikipedia.org/wiki/John_von_Neumann,high,regex_rule
Person:john_von_neumann,Person,John von Neumann,birth_date,1979,"She was an academic economist, the first woman to serve on the President's Council of Economic Advisers (1972–1973), and served as Vice President of Public Affairs at General Motors (1979–1992)—making her the highest-ranking woman in the U.S.",https://en.wikipedia.org/wiki/John_von_Neumann,high,regex_rule
Person:john_von_neumann,Person,John von Neumann,death_date,1992,"She was an academic economist, the first woman to serve on the President's Council of Economic Advisers (1972–1973), and served as Vice President of Public Affairs at General Motors (1979–1992)—making her the highest-ranking woman in the U.S.",https://en.wikipedia.org/wiki/John_von_Neumann,high,regex_rule
Person:claude_shannon,Person,Claude Shannon,birth_date,1916,"Claude Elwood Shannon (April 30, 1916 – February 24, 2001) was an American polymath who was a mathematician, electrical engineer, computer scientist, cryptographer, and inventor known as the ""father of information theory"", and the man who laid the foundations of the Information Age.",https://en.wikipedia.org/wiki/Claude_Shannon,high,regex_rule
Person:claude_shannon,Person,Claude Shannon,death_date,"February 24, 2001","Claude Elwood Shannon (April 30, 1916 – February 24, 2001) was an American polymath who was a mathematician, electrical engineer, computer scientist, cryptographer, and inventor known as the ""father of information theory"", and the man who laid the foundations of the Information Age.",https://en.wikipedia.org/wiki/Claude_Shannon,high,regex_rule
Person:claude_shannon,Person,Claude Shannon,occupation,mathematician,"Claude Elwood Shannon (April 30, 1916 – February 24, 2001) was an American polymath who was a mathematician, electrical engineer, computer scientist, cryptographer, and inventor known as the ""father of information theory"", and the man who laid the foundations of the Information Age.",https://en.wikipedia.org/wiki/Claude_Shannon,high,regex_rule
Person:claude_shannon,Person,Claude Shannon,occupation,engineer,"Claude Elwood Shannon (April 30, 1916 – February 24, 2001) was an American polymath who was a mathematician, electrical engineer, computer scientist, cryptographer, and inventor known as the ""father of information theory"", and the man who laid the foundations of the Information Age.",https://en.wikipedia.org/wiki/Claude_Shannon,high,regex_rule
Person:claude_shannon,Person,Claude Shannon,occupation,computer scientist,"Claude Elwood Shannon (April 30, 1916 – February 24, 2001) was an American polymath who was a mathematician, electrical engineer, computer scientist, cryptographer, and inventor known as the ""father of information theory"", and the man who laid the foundations of the Information Age.",https://en.wikipedia.org/wiki/Claude_Shannon,high,regex_rule
Person:claude_shannon,Person,Claude Shannon,nationality,American,"Claude Elwood Shannon (April 30, 1916 – February 24, 2001) was an American polymath who was a mathematician, electrical engineer, computer scientist, cryptographer, and inventor known as the ""father of information theory"", and the man who laid the foundations of the Information Age.",https://en.wikipedia.org/wiki/Claude_Shannon,high,regex_rule
Person:claude_shannon,Person,Claude Shannon,occupation,professor,"From 1956 to 1978, he was a professor at MIT.",https://en.wikipedia.org/wiki/Claude_Shannon,high,regex_rule
Person:claude_shannon,Person,Claude Shannon,birth_date,1862,"(1862–1934), was a businessman and, for a while, a judge of probate in Gaylord.",https://en.wikipedia.org/wiki/Claude_Shannon,high,regex_rule
Person:claude_shannon,Person,Claude Shannon,death_date,1934,"(1862–1934), was a businessman and, for a while, a judge of probate in Gaylord.",https://en.wikipedia.org/wiki/Claude_Shannon,high,regex_rule
Person:claude_shannon,Person,Claude Shannon,birth_date,1880,"His mother, Mabel Wolf Shannon (1880–1945), was a language teacher, who also served as the principal of Gaylord High School.",https://en.wikipedia.org/wiki/Claude_Shannon,high,regex_rule
Person:claude_shannon,Person,Claude Shannon,death_date,1945,"His mother, Mabel Wolf Shannon (1880–1945), was a language teacher, who also served as the principal of Gaylord High School.",https://en.wikipedia.org/wiki/Claude_Shannon,high,regex_rule
Person:claude_shannon,Person,Claude Shannon,birth_date,1609,"Both Shannon and Edison were descendants of John Ogden (1609–1682), a colonial leader and an ancestor of many distinguished people.",https://en.wikipedia.org/wiki/Claude_Shannon,high,regex_rule
Person:claude_shannon,Person,Claude Shannon,death_date,1682,"Both Shannon and Edison were descendants of John Ogden (1609–1682), a colonial leader and an ancestor of many distinguished people.",https://en.wikipedia.org/wiki/Claude_Shannon,high,regex_rule
Organization:bell_lab,Organization,Bell Lab,org_type,laboratory,He was also interested in the encipherment of speech and to this end spent time at Bell Labs.,https://en.wikipedia.org/wiki/Claude_Shannon,high,regex_rule
Person:claude_shannon,Person,Claude Shannon,occupation,author,"Claude Shannon's influence has been immense in the field, for example, in a 1973 collection of the key papers in the field of information theory, he was author or coauthor of 12 of the 49 papers cited, while no one else appeared more than three times.",https://en.wikipedia.org/wiki/Claude_Shannon,high,regex_rule
Person:claude_shannon,Person,Claude Shannon,death_date,2001,"Shannon developed Alzheimer's disease and spent the last few years of his life in a nursing home; he died in 2001, survived by his wife, a son and daughter, and two granddaughters.",https://en.wikipedia.org/wiki/Claude_Shannon,high,regex_rule
Person:claude_shannon,Person,Claude Shannon,occupation,logician,"Nahin, Paul J., The Logician and the Engineer: How George Boole and Claude Shannon Created the Information Age, Princeton University Press, 2013, ISBN 978-0691151007",https://en.wikipedia.org/wiki/Claude_Shannon,high,regex_rule
Person:max_newman,Person,Max Newman,occupation,mathematician,"Maxwell Herman Alexander Newman, FRS (7 February 1897 – 22 February 1984), generally known as Max Newman, was a British mathematician and codebreaker.",https://en.wikipedia.org/wiki/Max_Newman,high,regex_rule
Person:max_newman,Person,Max Newman,occupation,codebreaker,"Maxwell Herman Alexander Newman, FRS (7 February 1897 – 22 February 1984), generally known as Max Newman, was a British mathematician and codebreaker.",https://en.wikipedia.org/wiki/Max_Newman,high,regex_rule
Person:max_newman,Person,Max Newman,nationality,British,"Maxwell Herman Alexander Newman, FRS (7 February 1897 – 22 February 1984), generally known as Max Newman, was a British mathematician and codebreaker.",https://en.wikipedia.org/wiki/Max_Newman,high,regex_rule
Person:max_newman,Person,Max Newman,birth_date,1935,"They had two sons, Edward (born 1935) and William (born 1939).",https://en.wikipedia.org/wiki/Max_Newman,high,regex_rule
Person:max_newman,Person,Max Newman,birth_date,1939,"They had two sons, Edward (born 1935) and William (born 1939).",https://en.wikipedia.org/wiki/Max_Newman,high,regex_rule
Person:max_newman,Person,Max Newman,nationality,German,"Newman was cautious, concerned to ensure that the work would be sufficiently interesting and useful, and there was also the possibility that his father's German nationality would rule out any involvement in top-secret work.",https://en.wikipedia.org/wiki/Max_Newman,high,regex_rule
Person:donald_michie,Person,Donald Michie,occupation,researcher,Donald Michie (; 11 November 1923 – 7 July 2007) was a British researcher in artificial intelligence.,https://en.wikipedia.org/wiki/Donald_Michie,high,regex_rule
Person:donald_michie,Person,Donald Michie,nationality,British,Donald Michie (; 11 November 1923 – 7 July 2007) was a British researcher in artificial intelligence.,https://en.wikipedia.org/wiki/Donald_Michie,high,regex_rule
Person:i_j_good,Person,I. J. Good,occupation,professor,Good moved to the United States where he was a professor at Virginia Tech.,https://en.wikipedia.org/wiki/I._J._Good,high,regex_rule
Person:i_j_good,Person,I. J. Good,aliases,of Moshe Oved,"His father was a watchmaker, who later managed and owned a successful fashionable jewellery shop, and was also a notable Yiddish writer writing under the pen name of Moshe Oved.",https://en.wikipedia.org/wiki/I._J._Good,high,regex_rule
Person:gordon_welchman,Person,Gordon Welchman,occupation,mathematician,William Gordon Welchman (15 June 1906 – 8 October 1985) was an English mathematician.,https://en.wikipedia.org/wiki/Gordon_Welchman,high,regex_rule
Person:gordon_welchman,Person,Gordon Welchman,nationality,English,William Gordon Welchman (15 June 1906 – 8 October 1985) was an English mathematician.,https://en.wikipedia.org/wiki/Gordon_Welchman,high,regex_rule
Person:gordon_welchman,Person,Gordon Welchman,birth_date,1866,"Gordon Welchman was born the youngest of three children in Fishponds, Bristol, to William Welchman (1866–1954) and Elizabeth Marshall Griffith.",https://en.wikipedia.org/wiki/Gordon_Welchman,high,regex_rule
Person:gordon_welchman,Person,Gordon Welchman,death_date,1954,"Gordon Welchman was born the youngest of three children in Fishponds, Bristol, to William Welchman (1866–1954) and Elizabeth Marshall Griffith.",https://en.wikipedia.org/wiki/Gordon_Welchman,high,regex_rule
Person:gordon_welchman,Person,Gordon Welchman,occupation,codebreaker,The programme was entitled Bletchley Park: Code-breaking's Forgotten Genius and as The Codebreaker Who Hacked Hitler when broadcast on the Smithsonian Channel in the US.,https://en.wikipedia.org/wiki/Gordon_Welchman,high,regex_rule
Person:hugh_alexander,Person,Hugh Alexander,birth_date,1884,Hugh Edward Alexander (1884–1957) was a Scottish minister who worked mostly in Switzerland.,https://en.wikipedia.org/wiki/Hugh_E._Alexander,high,regex_rule
Person:hugh_alexander,Person,Hugh Alexander,death_date,1957,Hugh Edward Alexander (1884–1957) was a Scottish minister who worked mostly in Switzerland.,https://en.wikipedia.org/wiki/Hugh_E._Alexander,high,regex_rule
Person:hugh_alexander,Person,Hugh Alexander,occupation,author,"""HE Alexander"", Autor [Author] (in French), BR: Mundo cristão, archived from the original on 3 May 2010, retrieved 1 October 2010.",https://en.wikipedia.org/wiki/Hugh_E._Alexander,high,regex_rule
Person:robin_gandy,Person,Robin Gandy,occupation,mathematician,Robin Oliver Gandy (22 September 1919 – 20 November 1995) was a British mathematician and logician.,https://en.wikipedia.org/wiki/Robin_Gandy,high,regex_rule
Person:robin_gandy,Person,Robin Gandy,occupation,logician,Robin Oliver Gandy (22 September 1919 – 20 November 1995) was a British mathematician and logician.,https://en.wikipedia.org/wiki/Robin_Gandy,high,regex_rule
Person:robin_gandy,Person,Robin Gandy,nationality,British,Robin Oliver Gandy (22 September 1919 – 20 November 1995) was a British mathematician and logician.,https://en.wikipedia.org/wiki/Robin_Gandy,high,regex_rule
Organization:cambridge_university,Organization,University of Cambridge,org_type,university,"He was a friend, student, and associate of Alan Turing, having been supervised by Turing during his PhD at the University of Cambridge, where they worked together.",https://en.wikipedia.org/wiki/Robin_Gandy,high,regex_rule
Person:robin_gandy,Person,Robin Gandy,birth_date,1771,"A great-great-grandson of the architect and artist Joseph Gandy (1771–1843), he was the son of Thomas Hall Gandy (1876–1948), a general practitioner, and Ida Caroline née Hony (1885–1977), a social worker and later an author.",https://en.wikipedia.org/wiki/Robin_Gandy,high,regex_rule
Person:robin_gandy,Person,Robin Gandy,death_date,1843,"A great-great-grandson of the architect and artist Joseph Gandy (1771–1843), he was the son of Thomas Hall Gandy (1876–1948), a general practitioner, and Ida Caroline née Hony (1885–1977), a social worker and later an author.",https://en.wikipedia.org/wiki/Robin_Gandy,high,regex_rule
Person:robin_gandy,Person,Robin Gandy,birth_date,1876,"A great-great-grandson of the architect and artist Joseph Gandy (1771–1843), he was the son of Thomas Hall Gandy (1876–1948), a general practitioner, and Ida Caroline née Hony (1885–1977), a social worker and later an author.",https://en.wikipedia.org/wiki/Robin_Gandy,high,regex_rule
Person:robin_gandy,Person,Robin Gandy,death_date,1948,"A great-great-grandson of the architect and artist Joseph Gandy (1771–1843), he was the son of Thomas Hall Gandy (1876–1948), a general practitioner, and Ida Caroline née Hony (1885–1977), a social worker and later an author.",https://en.wikipedia.org/wiki/Robin_Gandy,high,regex_rule
Person:robin_gandy,Person,Robin Gandy,birth_date,1885,"A great-great-grandson of the architect and artist Joseph Gandy (1771–1843), he was the son of Thomas Hall Gandy (1876–1948), a general practitioner, and Ida Caroline née Hony (1885–1977), a social worker and later an author.",https://en.wikipedia.org/wiki/Robin_Gandy,high,regex_rule
Person:robin_gandy,Person,Robin Gandy,death_date,1977,"A great-great-grandson of the architect and artist Joseph Gandy (1771–1843), he was the son of Thomas Hall Gandy (1876–1948), a general practitioner, and Ida Caroline née Hony (1885–1977), a social worker and later an author.",https://en.wikipedia.org/wiki/Robin_Gandy,high,regex_rule
Person:robin_gandy,Person,Robin Gandy,occupation,author,"A great-great-grandson of the architect and artist Joseph Gandy (1771–1843), he was the son of Thomas Hall Gandy (1876–1948), a general practitioner, and Ida Caroline née Hony (1885–1977), a social worker and later an author.",https://en.wikipedia.org/wiki/Robin_Gandy,high,regex_rule
Person:robin_gandy,Person,Robin Gandy,occupation,professor,"He was a visiting associate professor at Stanford University from 1966 to 1967 and held a similar position at University of California, Los Angeles in 1968.",https://en.wikipedia.org/wiki/Robin_Gandy,high,regex_rule
Organization:cambridg_university,Organization,University of Cambridg,org_type,university,"King's College, formally The King's College of Our Lady and Saint Nicholas in Cambridge, is a constituent college of the University of Cambridge.","https://en.wikipedia.org/wiki/King%27s_College,_Cambridge",high,regex_rule
Organization:oxford_for_university,Organization,University of Oxford for,org_type,university,The university's founding followed the arrival of scholars who left the University of Oxford for Cambridge after a dispute with local townspeople.,https://en.wikipedia.org/wiki/University_of_Cambridge,high,regex_rule
Organization:oxford_university,Organization,University of Oxford,org_type,university,"The founding of the university, however, mostly originated with an incident at the University of Oxford during which three Oxford scholars, following the death of a local woman, were hanged by the town's secular authorities.",https://en.wikipedia.org/wiki/University_of_Cambridge,high,regex_rule
Organization:university_of,Organization,University of ,org_type,university,"Fearing more violence from Oxford townsfolk, University of Oxford scholars began leaving Oxford for more hospitable cities, including Paris, Reading, and Cambridge.",https://en.wikipedia.org/wiki/University_of_Cambridge,high,regex_rule
Organization:cambridge_university,Organization,University of Cambridge,established_year,1284,"The University of Cambridge's first college, Peterhouse, was founded in 1284 by Hugh de Balsham, the Bishop of Ely.",https://en.wikipedia.org/wiki/University_of_Cambridge,high,regex_rule
Organization:cambridge_university,Organization,University of Cambridge,established_year,2020,"All students at the University of Cambridge are represented by Cambridge Students' Union, which was founded in 2020 as a merger of two student unions, Cambridge University Students' Union (CUSU) and the Graduate Union (GU).",https://en.wikipedia.org/wiki/University_of_Cambridge,high,regex_rule
Organization:princeton_university_orchestr,Organization,Princeton University Orchestr,established_year,1896,"Other groups include the Princeton University Orchestra, the flagship symphony orchestra group founded in 1896, and the Princeton Symphony Orchestra, both of which perform at Alexander Hall.",https://en.wikipedia.org/wiki/Princeton_University,high,regex_rule
Organization:cappella_e,Organization,a cappella e,established_year,1941,"The oldest a cappella ensemble is the Nassoons, which were formed in 1941.",https://en.wikipedia.org/wiki/Princeton_University,high,regex_rule
Person:auld,Person,Auld,occupation,professor,"After an unsuccessful attempt at singing it to Auld Lang Syne's melody, Karl Langlotz, a Princeton professor, wrote the music for it.",https://en.wikipedia.org/wiki/Princeton_University,high,regex_rule
Organization:government_code_cypher_school,Organization,Government Code & Cypher School,org_type,school,"The Government Code & Cypher School became the Government Communications Headquarters (GCHQ), moving to Eastcote in 1946 and to Cheltenham in 1951.",https://en.wikipedia.org/wiki/Bletchley_Park,high,regex_rule
Organization:university_of,Organization,University of,established_year,2004,The current University of Manchester was formed in 2004 following the merger of the University of Manchester Institute of Science and Technology (UMIST) and the Victoria University of Manchester.,https://en.wikipedia.org/wiki/University_of_Manchester,high,regex_rule
Organization:manchester_university,Organization,University of Manchester,established_year,1851,"The Victoria University of Manchester was founded in 1851, as Owens College.",https://en.wikipedia.org/wiki/University_of_Manchester,high,regex_rule
Organization:university,Organization,University &,org_type,university,"The university has achieved success in the BUCS (British University & College Sports) competitions, with its men's water polo first team winning the national championships (2009, 2010, 2011) under the tutelage of their coach Andy Howard.",https://en.wikipedia.org/wiki/University_of_Manchester,high,regex_rule
Organization:university_place,Organization,University Place;,org_type,university,"Other residences include Vaughn House, once the home of the clergy serving the Church of the Holy Name, and George Kenyon Hall at University Place; Crawford House and Devonshire House adjacent to the Manchester Business School and Victoria Hall on Upper Brook Street.",https://en.wikipedia.org/wiki/University_of_Manchester,high,regex_rule
Organization:development_office,Organization,Development Office,org_type,office,"The Foreign, Commonwealth and Development Office (FCDO), or Foreign Office is the ministry of foreign affairs and a ministerial department of the government of the United Kingdom.","https://en.wikipedia.org/wiki/Foreign,_Commonwealth_and_Development_Office",high,regex_rule
Organization:university_college,Organization,University College,org_type,university,"Private schools and colleges in London include City of London School, Harrow, St Paul's School, University College School, The John Lyon School, Highgate School and Westminster School.",https://en.wikipedia.org/wiki/London,high,regex_rule
Organization:manchester_university,Organization,University of Manchester,established_year,2004,"The University of Manchester is the second largest full-time non-collegiate university in the United Kingdom, and was created in 2004 through the merger of Victoria University of Manchester and the University of Manchester Institute of Science and Technology.",https://en.wikipedia.org/wiki/Manchester,high,regex_rule
Person:alan_turing,Person,Alan Turing,birth_date,1912,"Alan Turing (1912–1954), code-breaker and pioneer of computer science, at 2 Warrington Crescent.",https://en.wikipedia.org/wiki/Maida_Vale,high,regex_rule
Person:alan_turing,Person,Alan Turing,death_date,1954,"Alan Turing (1912–1954), code-breaker and pioneer of computer science, at 2 Warrington Crescent.",https://en.wikipedia.org/wiki/Maida_Vale,high,regex_rule
Organization:government_code_and_cypher_schoo,Organization,Government Code and Cypher Schoo,org_type,government,"Within the West Bletchley parish, in the Church Green district, is Bletchley Park which, during the Second World War, was home to the Government Code and Cypher School.",https://en.wikipedia.org/wiki/Bletchley,high,regex_rule
Organization:cambridge_university,Organization,University of Cambridge,established_year,1209,"The city is well known as the home of the University of Cambridge, which was founded in 1209 and consistently ranks among the best universities in the world.",https://en.wikipedia.org/wiki/Cambridge,high,regex_rule
Person:alonzo_church_croom,Person,Alonzo Church,nationality,British,The thesis is named after American mathematician Alonzo Church and the British mathematician Alan Turing.,https://en.wikipedia.org/wiki/Church%E2%80%93Turing_thesis,high,regex_rule
Organization:bletchley_park_by,Organization,Bletchley Park by,org_type,park,"The initial design of the British bombe was produced in 1939 at the UK Government Code and Cypher School (GC&CS) at Bletchley Park by Alan Turing, with an important refinement devised in 1940 by Gordon Welchman.",https://en.wikipedia.org/wiki/Bombe,high,regex_rule
Organization:government_code_and_cip,Organization,Government Code and Cip,org_type,government,"Britain's Government Code and Cipher School (GC&CS), before its move to Bletchley Park, had realised the value of recruiting mathematicians and logicians to work in codebreaking teams.",https://en.wikipedia.org/wiki/Cryptanalysis_of_the_Enigma,high,regex_rule
Person:gordon_welchm,Person,Gordon Welchm,occupation,mathematician,"Gordon Welchman, another Cambridge mathematician, had also received initial training in 1938, and they both reported to Bletchley Park on 4 September 1939, the day after Britain declared war on Germany.",https://en.wikipedia.org/wiki/Cryptanalysis_of_the_Enigma,high,regex_rule
Organization:bletchley_park_wher,Organization,Bletchley Park—wher,org_type,park,"But as soon as Turing moved to Bletchley Park—where he initially joined Dilly Knox in the research section—he set about seeking methods that did not rely on this weakness, as they correctly anticipated that the German Army and Air Force might follow the German Navy in improving their indicator system.",https://en.wikipedia.org/wiki/Cryptanalysis_of_the_Enigma,high,regex_rule
Person:alan_turing,Person,Alan Turing,occupation,professor,The Alan Turing Centenary Advisory committee (TCAC) was originally set up by Professor S.,https://en.wikipedia.org/wiki/Alan_Turing_Year,high,regex_rule
Person:alan_turing,Person,Alan Turing,birth_date,1880,"In UNITE History Volume 1 (1880–1931): The Transport and General Workers' Union (TGWU): Representing a Mass Trade Union Movement (Liverpool University Press, 2021), pp.",https://en.wikipedia.org/wiki/1926_United_Kingdom_general_strike,high,regex_rule
Person:alan_turing,Person,Alan Turing,death_date,1931,"In UNITE History Volume 1 (1880–1931): The Transport and General Workers' Union (TGWU): Representing a Mass Trade Union Movement (Liverpool University Press, 2021), pp.",https://en.wikipedia.org/wiki/1926_United_Kingdom_general_strike,high,regex_rule
Person:alan_turing,Person,Alan Turing,occupation,researcher,"The AI Futures Project was founded in 2025 by Daniel Kokotajlo, a former researcher in the governance division of OpenAI.",https://en.wikipedia.org/wiki/AI_Futures_Project,high,regex_rule
Person:alonzo_church_croom,Person,Alonzo Church Croom,birth_date,1845,"Alonzo Church Croom (December 1, 1845 – December 7, 1912) was an American politician who served as Comptroller of Florida from 1901 until 1912.",https://en.wikipedia.org/wiki/A._C._Croom,high,regex_rule
Person:alonzo_church_croom,Person,Alonzo Church Croom,death_date,"December 7, 1912","Alonzo Church Croom (December 1, 1845 – December 7, 1912) was an American politician who served as Comptroller of Florida from 1901 until 1912.",https://en.wikipedia.org/wiki/A._C._Croom,high,regex_rule
Person:alonzo_church_croom,Person,Alonzo Church,nationality,English,"Sir Alfred Jules ""Freddie"" Ayer  ( AIR; 29 October 1910 – 27 June 1989) was an English philosopher known for his promotion of logical positivism, particularly in his books Language, Truth, and Logic (1936) and The Problem of Knowledge (1956).",https://en.wikipedia.org/wiki/A._J._Ayer,high,regex_rule
Person:alonzo_church_croom,Person,Alonzo Church,death_date,1985,"She died in 1985, and in 1989 Ayer remarried Wells, who survived him.",https://en.wikipedia.org/wiki/A._J._Ayer,high,regex_rule
Person:alonzo_church_croom,Person,Alonzo Church,nationality,German,Ayer was a strong critic of the German philosopher Martin Heidegger.,https://en.wikipedia.org/wiki/A._J._Ayer,high,regex_rule
Person:adolf_gr_nbaum,Person,Adolf Grünbaum,birth_date,1923,"Adolf Grünbaum (; German: [ˈɡʁyːnbaʊm]; May 15, 1923 – November 15, 2018) was a German-American philosopher of science and a critic of both psychoanalysis and Karl Popper's philosophy of science.",https://en.wikipedia.org/wiki/Adolf_Gr%C3%BCnbaum,high,regex_rule
Person:adolf_gr_nbaum,Person,Adolf Grünbaum,death_date,"November 15, 2018","Adolf Grünbaum (; German: [ˈɡʁyːnbaʊm]; May 15, 1923 – November 15, 2018) was a German-American philosopher of science and a critic of both psychoanalysis and Karl Popper's philosophy of science.",https://en.wikipedia.org/wiki/Adolf_Gr%C3%BCnbaum,high,regex_rule
Person:adolf_gr_nbaum,Person,Adolf Grünbaum,occupation,philosopher,"Adolf Grünbaum (; German: [ˈɡʁyːnbaʊm]; May 15, 1923 – November 15, 2018) was a German-American philosopher of science and a critic of both psychoanalysis and Karl Popper's philosophy of science.",https://en.wikipedia.org/wiki/Adolf_Gr%C3%BCnbaum,high,regex_rule
Person:adolf_gr_nbaum,Person,Adolf Grünbaum,nationality,German,"Adolf Grünbaum (; German: [ˈɡʁyːnbaʊm]; May 15, 1923 – November 15, 2018) was a German-American philosopher of science and a critic of both psychoanalysis and Karl Popper's philosophy of science.",https://en.wikipedia.org/wiki/Adolf_Gr%C3%BCnbaum,high,regex_rule
Person:adolf_gr_nbaum,Person,Adolf Grünbaum,nationality,American,"Adolf Grünbaum (; German: [ˈɡʁyːnbaʊm]; May 15, 1923 – November 15, 2018) was a German-American philosopher of science and a critic of both psychoanalysis and Karl Popper's philosophy of science.",https://en.wikipedia.org/wiki/Adolf_Gr%C3%BCnbaum,high,regex_rule
Person:alonzo_church_croom,Person,Alonzo Church,birth_date,1956,"He was a chaired professor of philosophy at Lehigh University, Bethlehem, Pennsylvania (1956–1960), after rising through the ranks there, starting in 1950, becoming a full professor in 1955.",https://en.wikipedia.org/wiki/Adolf_Gr%C3%BCnbaum,high,regex_rule
Person:alonzo_church_croom,Person,Alonzo Church,death_date,1960,"He was a chaired professor of philosophy at Lehigh University, Bethlehem, Pennsylvania (1956–1960), after rising through the ranks there, starting in 1950, becoming a full professor in 1955.",https://en.wikipedia.org/wiki/Adolf_Gr%C3%BCnbaum,high,regex_rule
Person:alonzo_church_croom,Person,Alonzo Church,occupation,physicist,"Grünbaum did not embrace the prevailing — especially among physical scientists — Popperian philosophy of science, leading to some notoriety in the 1960s after he was ridiculed in print by the physicist Richard Feynman.",https://en.wikipedia.org/wiki/Adolf_Gr%C3%BCnbaum,high,regex_rule
Person:adolf_gr_nbaum,Person,Adolf Grünbaum,occupation,professor,"Proceedings of the international conference, ""The Adolf Grünbaum Symposium in Honor of the Works of Professor Adolf Grünbaum,"" Santa Barbara, CA, October 2002.",https://en.wikipedia.org/wiki/Adolf_Gr%C3%BCnbaum,high,regex_rule
Person:adolf_gr_nbaum,Person,Adolf Grünbaum,death_date,2018,"Inquiring into Space-Time, the Human Mind, and Religion: The Life and Work of Adolf Grünbaum (1923–2018).",https://en.wikipedia.org/wiki/Adolf_Gr%C3%BCnbaum,high,regex_rule
Person:claude_shannon,Person,Claude Shannon,birth_date,"November 12, 1959","Armand Paul Alivisatos (born November 12, 1959) is a Greek-American chemist, currently serving as the 14th president of the University of Chicago since September 2021.",https://en.wikipedia.org/wiki/Paul_Alivisatos,high,regex_rule
Person:claude_shannon,Person,Claude Shannon,birth_date,1951,CS Cable Queen (Built 1951–1952) Built for AT&T Corp.,https://en.wikipedia.org/wiki/AT%26T_Corporation,high,regex_rule
Person:claude_shannon,Person,Claude Shannon,death_date,1952,CS Cable Queen (Built 1951–1952) Built for AT&T Corp.,https://en.wikipedia.org/wiki/AT%26T_Corporation,high,regex_rule
Person:claude_shannon,Person,Claude Shannon,birth_date,1961,CS Long Lines (Built 1961–1963) Built for AT&T Corp.,https://en.wikipedia.org/wiki/AT%26T_Corporation,high,regex_rule
Person:claude_shannon,Person,Claude Shannon,death_date,1963,CS Long Lines (Built 1961–1963) Built for AT&T Corp.,https://en.wikipedia.org/wiki/AT%26T_Corporation,high,regex_rule
Person:claude_shannon,Person,Claude Shannon,occupation,researcher,The Online Encyclopedia of Integer Sequences (now operated by the OEIS foundation) is the creation of former AT&T Researcher Neil Sloane.,https://en.wikipedia.org/wiki/AT%26T_Labs,high,regex_rule
Person:max_newman,Person,Max Newman,occupation,professor,"In 1876, Greenhill was appointed professor of mathematics at the Royal Military Academy (RMA) at Woolwich, London, UK.",https://en.wikipedia.org/wiki/Alfred_George_Greenhill,high,regex_rule
Person:max_newman,Person,Max Newman,nationality,Russian,Abram Samoilovitch Besicovitch (or Besikovitch; Russian: Абра́м Само́йлович Безико́вич; 23 January 1891 – 2 November 1970) was a Russian mathematician.,https://en.wikipedia.org/wiki/Abram_Besicovitch,high,regex_rule
Person:max_newman,Person,Max Newman,death_date,1970,"After returning to Trinity, he died in 1970.",https://en.wikipedia.org/wiki/Abram_Besicovitch,high,regex_rule
Person:donald_michie,Person,Donald Michie,occupation,professor,"From 1987 to 1999, he was on the academic staff of the Department of Engineering Science in the University of Oxford, where he became a professor in 1996, and was a Royal Society Senior Research Fellow for 1998-9.",https://en.wikipedia.org/wiki/Andrew_Blake_(computer_scientist),high,regex_rule
Person:donald_michie,Person,Donald Michie,birth_date,1959,"McLaren spent the next 15 years (1959–1974) at the Institute of Animal Genetics, studying fertility, development and epigenetics, including the development of mouse embryonic transfer, immunocontraception, and the skeletal characteristics of chimerae.",https://en.wikipedia.org/wiki/Anne_McLaren,high,regex_rule
Person:donald_michie,Person,Donald Michie,death_date,1974,"McLaren spent the next 15 years (1959–1974) at the Institute of Animal Genetics, studying fertility, development and epigenetics, including the development of mouse embryonic transfer, immunocontraception, and the skeletal characteristics of chimerae.",https://en.wikipedia.org/wiki/Anne_McLaren,high,regex_rule
Person:donald_michie,Person,Donald Michie,birth_date,1927,"""Obituary: Dame Anne McLaren (1927–2007)"".",https://en.wikipedia.org/wiki/Anne_McLaren,high,regex_rule
Person:donald_michie,Person,Donald Michie,death_date,2007,"""Obituary: Dame Anne McLaren (1927–2007)"".",https://en.wikipedia.org/wiki/Anne_McLaren,high,regex_rule
Person:donald_michie,Person,Donald Michie,aliases,artificial neurons,"An artificial neural network is based on a collection of nodes also known as artificial neurons, which loosely model the neurons in a biological brain.",https://en.wikipedia.org/wiki/Artificial_intelligence,high,regex_rule
Person:donald_michie,Person,Donald Michie,occupation,computer scientist,"AI pioneer and Nobel Prize-winning computer scientist Geoffrey Hinton expressed concern about AI enabling ""authoritarian leaders to manipulate their electorates"" on a large scale, among other risks.",https://en.wikipedia.org/wiki/Artificial_intelligence,high,regex_rule
Person:donald_michie,Person,Donald Michie,occupation,physicist,"This could, as physicist Stephen Hawking stated, ""spell the end of the human race"".",https://en.wikipedia.org/wiki/Artificial_intelligence,high,regex_rule
Person:donald_michie,Person,Donald Michie,occupation,philosopher,"Philosopher Nick Bostrom argued that if one gives almost any goal to a sufficiently powerful AI, it may choose to destroy humanity to achieve it (he used the example of an automated paperclip factory that destroys the world to get more iron for paperclips).",https://en.wikipedia.org/wiki/Artificial_intelligence,high,regex_rule
Person:i_j_good,Person,I. J. Good,occupation,mathematician,"Kubrick also asked Universe co-director Colin Low about animation camerawork, with Low recommending British mathematician Brian Salt, with whom Low and Roman Kroitor had previously worked on the 1957 still-animation documentary City of Gold.",https://en.wikipedia.org/wiki/2001:_A_Space_Odyssey,high,regex_rule
Person:i_j_good,Person,I. J. Good,nationality,British,"Kubrick also asked Universe co-director Colin Low about animation camerawork, with Low recommending British mathematician Brian Salt, with whom Low and Roman Kroitor had previously worked on the 1957 still-animation documentary City of Gold.",https://en.wikipedia.org/wiki/2001:_A_Space_Odyssey,high,regex_rule
Person:i_j_good,Person,I. J. Good,occupation,author,"Most of these materials were lost, with some exceptions: a 2001 spacesuit backpack appeared in the ""Close Up"" episode of the Gerry Anderson series UFO and one of HAL's eyepieces is in the possession of the author of Hal's Legacy, David G.",https://en.wikipedia.org/wiki/2001:_A_Space_Odyssey,high,regex_rule
Person:i_j_good,Person,I. J. Good,occupation,engineer,"In 2012, Lockheed engineer Adam Johnson, working with Frederick I.",https://en.wikipedia.org/wiki/2001:_A_Space_Odyssey,high,regex_rule
Person:i_j_good,Person,I. J. Good,aliases,simply the Academy or the Motion Picture Academy,"The Academy of Motion Picture Arts and Sciences (AMPAS, often pronounced  AM-pass; also known as simply the Academy or the Motion Picture Academy) is a professional honorary organization in Beverly Hills, California, U.S., with the stated goal of advancing the arts and sciences of motion pictures.",https://en.wikipedia.org/wiki/Academy_of_Motion_Picture_Arts_and_Sciences,high,regex_rule
Person:i_j_good,Person,I. J. Good,birth_date,1955,"Adrian Elmes Raftery (born 1955 in Dublin, Ireland) is an Irish and American statistician and sociologist.",https://en.wikipedia.org/wiki/Adrian_Raftery,high,regex_rule
Person:i_j_good,Person,I. J. Good,occupation,researcher,He was identified as the world's most cited researcher in mathematics for the decade 1995-2005 by Thomson-ISI.,https://en.wikipedia.org/wiki/Adrian_Raftery,high,regex_rule
Person:gordon_welchman,Person,Gordon Welchman,birth_date,1928,"He married, lastly, on 8 June 1953, Alexandra Boycun (1928–1966).",https://en.wikipedia.org/wiki/Alexander_Korda,high,regex_rule
Person:gordon_welchman,Person,Gordon Welchman,death_date,1966,"He married, lastly, on 8 June 1953, Alexandra Boycun (1928–1966).",https://en.wikipedia.org/wiki/Alexander_Korda,high,regex_rule
Person:gordon_welchman,Person,Gordon Welchman,death_date,1970,"He died in 1970 at Northwood, Middlesex.",https://en.wikipedia.org/wiki/Allen_Lane,high,regex_rule
Person:allen,Person,Allen,occupation,author,"BBC Radio 4 programme about Allen Lane by author Michael Morpurgo, his son-in-law.",https://en.wikipedia.org/wiki/Allen_Lane,high,regex_rule
Person:hugh_alexander,Person,Hugh Alexander,birth_date,1766,"A generation of powerful biblical preachers ended, as leaders such as Christmas Evans (1766–1838), John Elias (1744–1841) and Henry Rees (1798–1869) died.",https://en.wikipedia.org/wiki/1904%E2%80%931905_Welsh_revival,high,regex_rule
Person:hugh_alexander,Person,Hugh Alexander,death_date,1838,"A generation of powerful biblical preachers ended, as leaders such as Christmas Evans (1766–1838), John Elias (1744–1841) and Henry Rees (1798–1869) died.",https://en.wikipedia.org/wiki/1904%E2%80%931905_Welsh_revival,high,regex_rule
Person:hugh_alexander,Person,Hugh Alexander,birth_date,1744,"A generation of powerful biblical preachers ended, as leaders such as Christmas Evans (1766–1838), John Elias (1744–1841) and Henry Rees (1798–1869) died.",https://en.wikipedia.org/wiki/1904%E2%80%931905_Welsh_revival,high,regex_rule
Person:hugh_alexander,Person,Hugh Alexander,death_date,1841,"A generation of powerful biblical preachers ended, as leaders such as Christmas Evans (1766–1838), John Elias (1744–1841) and Henry Rees (1798–1869) died.",https://en.wikipedia.org/wiki/1904%E2%80%931905_Welsh_revival,high,regex_rule
Person:hugh_alexander,Person,Hugh Alexander,birth_date,1798,"A generation of powerful biblical preachers ended, as leaders such as Christmas Evans (1766–1838), John Elias (1744–1841) and Henry Rees (1798–1869) died.",https://en.wikipedia.org/wiki/1904%E2%80%931905_Welsh_revival,high,regex_rule
Person:hugh_alexander,Person,Hugh Alexander,death_date,1869,"A generation of powerful biblical preachers ended, as leaders such as Christmas Evans (1766–1838), John Elias (1744–1841) and Henry Rees (1798–1869) died.",https://en.wikipedia.org/wiki/1904%E2%80%931905_Welsh_revival,high,regex_rule
Person:hugh_alexander,Person,Hugh Alexander,birth_date,1878,"The revival began in late 1904 under the leadership of Evan Roberts (1878–1951), a 26-year-old former collier and minister in training.",https://en.wikipedia.org/wiki/1904%E2%80%931905_Welsh_revival,high,regex_rule
Person:hugh_alexander,Person,Hugh Alexander,death_date,1951,"The revival began in late 1904 under the leadership of Evan Roberts (1878–1951), a 26-year-old former collier and minister in training.",https://en.wikipedia.org/wiki/1904%E2%80%931905_Welsh_revival,high,regex_rule
Person:brazil,Person,Brazil,birth_date,1899,"In this first republican period, Brazil maintained a relative balance characterized by a success in resolving border disputes with neighboring countries, only broken by the Acre War (1899–1902) and its involvement in World War I (1914–1918), followed by a failed attempt to exert a prominent role in the League of Nations; Internally, from the crisis of Encilhamento and the Navy Revolts, a prolonged cycle of financial, political and social instability began until the 1920s, keeping the country besieged by various rebellions, both civilian and military.",https://en.wikipedia.org/wiki/Brazil,high,regex_rule
Person:brazil,Person,Brazil,death_date,1902,"In this first republican period, Brazil maintained a relative balance characterized by a success in resolving border disputes with neighboring countries, only broken by the Acre War (1899–1902) and its involvement in World War I (1914–1918), followed by a failed attempt to exert a prominent role in the League of Nations; Internally, from the crisis of Encilhamento and the Navy Revolts, a prolonged cycle of financial, political and social instability began until the 1920s, keeping the country besieged by various rebellions, both civilian and military.",https://en.wikipedia.org/wiki/Brazil,high,regex_rule
Person:brazil,Person,Brazil,birth_date,1914,"In this first republican period, Brazil maintained a relative balance characterized by a success in resolving border disputes with neighboring countries, only broken by the Acre War (1899–1902) and its involvement in World War I (1914–1918), followed by a failed attempt to exert a prominent role in the League of Nations; Internally, from the crisis of Encilhamento and the Navy Revolts, a prolonged cycle of financial, political and social instability began until the 1920s, keeping the country besieged by various rebellions, both civilian and military.",https://en.wikipedia.org/wiki/Brazil,high,regex_rule
Person:brazil,Person,Brazil,death_date,1918,"In this first republican period, Brazil maintained a relative balance characterized by a success in resolving border disputes with neighboring countries, only broken by the Acre War (1899–1902) and its involvement in World War I (1914–1918), followed by a failed attempt to exert a prominent role in the League of Nations; Internally, from the crisis of Encilhamento and the Navy Revolts, a prolonged cycle of financial, political and social instability began until the 1920s, keeping the country besieged by various rebellions, both civilian and military.",https://en.wikipedia.org/wiki/Brazil,high,regex_rule
Person:brazil,Person,Brazil,aliases,the Lusophone Commonwealth,"Brazil is a founding member state of the Community of Portuguese Language Countries (CPLP), also known as the Lusophone Commonwealth, an international organization and political association of Lusophone nations.",https://en.wikipedia.org/wiki/Brazil,high,regex_rule
Person:brazil,Person,Brazil,occupation,physicist,"Brazilian science is represented by the likes of César Lattes (Brazilian physicist Pathfinder of Pi Meson), Mário Schenberg (considered the greatest theoretical physicist of Brazil), José Leite Lopes (the only Brazilian physicist holder of the UNESCO Science Prize), Artur Avila (the first Latin American winner of the Fields Medal), and Fritz Müller (pioneer in factual support of the theory of evolution by Charles Darwin).",https://en.wikipedia.org/wiki/Brazil,high,regex_rule
Person:hugh_alexander,Person,Hugh Alexander,occupation,professor,"Draper III, a professor of Portuguese at the University of Missouri, argues that Forró was used as a way to subdue feelings of nostalgia for a rural lifestyle.",https://en.wikipedia.org/wiki/Brazil,high,regex_rule
Person:hugh_alexander,Person,Hugh Alexander,birth_date,1837,"Dwight Lyman Moody (February 5, 1837 – December 22, 1899), also known as D.",https://en.wikipedia.org/wiki/Dwight_L._Moody,high,regex_rule
Person:hugh_alexander,Person,Hugh Alexander,death_date,"December 22, 1899","Dwight Lyman Moody (February 5, 1837 – December 22, 1899), also known as D.",https://en.wikipedia.org/wiki/Dwight_L._Moody,high,regex_rule
Person:hugh_alexander,Person,Hugh Alexander,birth_date,1800,"Moody (1800–1841), was a small farmer and stonemason.",https://en.wikipedia.org/wiki/Dwight_L._Moody,high,regex_rule
Person:hugh_alexander,Person,Hugh Alexander,birth_date,1805,His mother was Betsey Moody (née Holton; 1805–1896).,https://en.wikipedia.org/wiki/Dwight_L._Moody,high,regex_rule
Person:hugh_alexander,Person,Hugh Alexander,death_date,1896,His mother was Betsey Moody (née Holton; 1805–1896).,https://en.wikipedia.org/wiki/Dwight_L._Moody,high,regex_rule
Person:hugh_alexander,Person,Hugh Alexander,birth_date,1890,"Eisenhower, who was born in 1890, was named after him.",https://en.wikipedia.org/wiki/Dwight_L._Moody,high,regex_rule
Person:robin_gandy,Person,Robin Gandy,birth_date,1875,"Alfred Angas Scott (1875-1923), motorcycle designer, inventor and founder of The Scott Motorcycle Company",https://en.wikipedia.org/wiki/Abbotsholme_School,high,regex_rule
Person:robin_gandy,Person,Robin Gandy,death_date,1923,"Alfred Angas Scott (1875-1923), motorcycle designer, inventor and founder of The Scott Motorcycle Company",https://en.wikipedia.org/wiki/Abbotsholme_School,high,regex_rule
Person:robin_gandy,Person,Robin Gandy,birth_date,1886,"Olaf Stapledon (1886-1950), novelist and philosopher; author of Last and First Men, Star Maker, and other works of speculative fiction.",https://en.wikipedia.org/wiki/Abbotsholme_School,high,regex_rule
Person:robin_gandy,Person,Robin Gandy,death_date,1950,"Olaf Stapledon (1886-1950), novelist and philosopher; author of Last and First Men, Star Maker, and other works of speculative fiction.",https://en.wikipedia.org/wiki/Abbotsholme_School,high,regex_rule
Person:robin_gandy,Person,Robin Gandy,occupation,philosopher,"Olaf Stapledon (1886-1950), novelist and philosopher; author of Last and First Men, Star Maker, and other works of speculative fiction.",https://en.wikipedia.org/wiki/Abbotsholme_School,high,regex_rule
Person:robin_gandy,Person,Robin Gandy,birth_date,1949,"Andrew Philip Hodges ( HOJ-iz; born 1949) is a British mathematician, author and emeritus senior research fellow at Wadham College, Oxford.",https://en.wikipedia.org/wiki/Andrew_Hodges,high,regex_rule
Person:robin_gandy,Person,Robin Gandy,aliases,the Conversazione Society,"The Cambridge Apostles (also known as the Conversazione Society) is or was an intellectual society at the University of Cambridge founded in 1820 by George Tomlinson, a Cambridge student who became the first Bishop of Gibraltar.",https://en.wikipedia.org/wiki/Cambridge_Apostles,high,regex_rule
Organization:cambridge_university,Organization,University of Cambridge,established_year,1820,"The Cambridge Apostles (also known as the Conversazione Society) is or was an intellectual society at the University of Cambridge founded in 1820 by George Tomlinson, a Cambridge student who became the first Bishop of Gibraltar.",https://en.wikipedia.org/wiki/Cambridge_Apostles,high,regex_rule
Organization:brown_university,Organization,Brown University,org_type,university,"Some notable historical groups formed along the way include Colgate University's The Colgate 13 (1942), Dartmouth College's Aires (1946), Harvard University's Krokodiloes (1946), Cornell University's Cayuga's Waiters (1949) and The Hangovers (1968), the University of Maine Maine Steiners (1958), the Columbia University Kingsmen (1949), the Jabberwocks of Brown University (1949), and the University of Rochester YellowJackets (1956).",https://en.wikipedia.org/wiki/A_cappella,high,regex_rule
Organization:cappella_e,Organization,a cappella,established_year,1996,"The first South Asian a cappella group was Penn Masala, an all-male group founded in 1996 at the University of Pennsylvania.",https://en.wikipedia.org/wiki/A_cappella,high,regex_rule
Organization:cappella_e,Organization,a cappella,established_year,2001,"The first co-ed South Asian a cappella was Anokha, from the University of Maryland, formed in 2001.",https://en.wikipedia.org/wiki/A_cappella,high,regex_rule
Organization:cappell,Organization,A Cappell,established_year,2016,"The South Asian a cappella competitive circuit is governed by the Association of South-Asian A Cappella (ASA), a non-profit organization formed in 2016.",https://en.wikipedia.org/wiki/A_cappella,high,regex_rule
Organization:oxfor_university,Organization,University of Oxfor,org_type,university,"David Barclay, the president of the University of Oxford's student union, said: ""This is the day a generation of politicians learn that though they might forget their promises, students won't."" Rahul Mansigani, the students' union president for the University of Cambridge, said: ""Large numbers of students voted for the Liberal Democrats, and there is no question that the pledge is a binding commitment.""",https://en.wikipedia.org/wiki/2010_United_Kingdom_student_protests,high,regex_rule
Organization:government_web,Organization,Government Web,org_type,government,Official website (London2012.com) at the UK Government Web Archive (archived 28 February 2013),https://en.wikipedia.org/wiki/2012_Summer_Olympics,high,regex_rule
Organization:abwehr,Organization,Abwehr,established_year,1920,"The Abwehr was created in 1920 as part of the German Ministry of Defence when the German government was allowed to form the Reichswehr, the military organization of the Weimar Republic.",https://en.wikipedia.org/wiki/Abwehr,high,regex_rule
Organization:downing_college,Organization,Downing College,org_type,college,"In 1800, the wealth he had accumulated was used to found Downing College, Cambridge, as had been his wish should his descendants fail in the male line.",https://en.wikipedia.org/wiki/10_Downing_Street,high,regex_rule
Organization:abstract,Organization,Abstract,aliases,eager or call,"The early abstract machines for functional languages, including the SECD machine (1964) and Cardelli's Functional Abstract Machine (1983), defined strict evaluation, also known as eager or call-by-value evaluation, in which function arguments are evaluated before the call and precisely once.",https://en.wikipedia.org/wiki/Abstract_machine,high,regex_rule
Organization:byron_university_pro,Organization,Byron University Pro,org_type,university,Ada Byron University Programming Contest at the Polytechnic University of Valencia.,https://en.wikipedia.org/wiki/Ada_Lovelace,high,regex_rule
Organization:university_school,Organization,University School,org_type,university,"Following the 2003 invasion of Iraq, a study by the Cardiff University School of Journalism of the reporting of the war found that nine out of 10 references to weapons of mass destruction during the war assumed that Iraq possessed them, and only one in 10 questioned this assumption.",https://en.wikipedia.org/wiki/BBC_News,high,regex_rule
Organization:chichester_university,Organization,University of Chichester,org_type,university,"Susan Margaret Samson, Chief Executive Officer, University of Chichester Multi-Academy Trust.",https://en.wikipedia.org/wiki/2020_New_Year_Honours,high,regex_rule
Organization:manchester_where_university,Organization,University of Manchester where,org_type,university,"The conference was organised by Andrei Voronkov and hosted by the School of Computer Science, University of Manchester where Turing worked from 1948 until 1954.",https://en.wikipedia.org/wiki/Alan_Turing_Centenary_Conference,high,regex_rule
